Store Id,Month Name,Sales,Margin.(%),Footfall,Conversion 
AFFI,January,1869,69.02%,49170,18.26%
AFFI,February,42643,66.44%,35251,17.73%
AFFI,March,150449,60.01%,40029,16.76%
AFFI,April,243912,62.85%,55843,16.89%
AFFI,May,216248,62.04%,57259,15.88%
AFFI,June,217459,59.83%,55628,17.75%
AFFI,July,203721,54.56%,59824,19.07%
AFFI,August,111710,41.64%,59241,17.04%
AFFI,September,55559,41.49%,55766,15.30%
AFFI,October,11512,40.88%,50540,15.88%
AFFI,November,2809,40.12%,49498,17.72%
AFFI,December,2662,40.61%,54624,19.02%
AGRIGENTO,January,731,72.78%,20587,33.45%
AGRIGENTO,February,30342,65.68%,13264,31.77%
AGRIGENTO,March,128661,57.78%,14842,33.23%
AGRIGENTO,April,122263,61.29%,16350,31.21%
AGRIGENTO,May,130342,59.41%,16434,32.80%
AGRIGENTO,June,153981,58.29%,17888,35.86%
AGRIGENTO,July,117417,53.90%,20734,33.92%
AGRIGENTO,August,53990,39.51%,17451,33.53%
AGRIGENTO,September,17743,38.40%,12807,30.75%
AGRIGENTO,October,3902,43.49%,14971,33.02%
AGRIGENTO,November,2450,42.61%,20615,33.50%
AGRIGENTO,December,3881,42.46%,24639,34.71%
ALASSIO,January,439,66.51%,17256,15.51%
ALASSIO,February,13386,67.55%,11760,15.31%
ALASSIO,March,44620,61.52%,10950,15.75%
ALASSIO,April,58092,63.92%,18380,13.20%
ALASSIO,May,48059,65.37%,12685,15.00%
ALASSIO,June,52857,63.48%,13524,17.61%
ALASSIO,July,54663,58.64%,18215,17.65%
ALASSIO,August,34919,47.85%,23516,13.43%
ALASSIO,September,4415,46.21%,13039,12.95%
ALASSIO,October,616,40.10%,11263,13.90%
ALASSIO,November,582,40.03%,10608,17.59%
ALASSIO,December,729,40.47%,13919,18.48%
APRILIA,January,3501,69.72%,27668,32.62%
APRILIA,February,60760,66.17%,18043,30.93%
APRILIA,March,176069,57.64%,17433,33.12%
APRILIA,April,196960,62.10%,19182,30.62%
APRILIA,May,182868,60.38%,18599,32.80%
APRILIA,June,205198,58.50%,17787,38.60%
APRILIA,July,173961,54.42%,18699,39.09%
APRILIA,August,82932,39.69%,15451,37.56%
APRILIA,September,25869,36.53%,14395,31.66%
APRILIA,October,3054,38.21%,18546,32.03%
APRILIA,November,2743,39.08%,25635,34.15%
APRILIA,December,4387,40.57%,29201,37.56%
ASCOLI PICENO,January,1639,72.06%,25967,14.68%
ASCOLI PICENO,February,26041,66.72%,14579,15.14%
ASCOLI PICENO,March,81718,59.30%,14870,19.57%
ASCOLI PICENO,April,101545,61.61%,17830,17.98%
ASCOLI PICENO,May,93442,63.38%,16466,19.31%
ASCOLI PICENO,June,94939,61.51%,16192,22.63%
ASCOLI PICENO,July,96017,57.49%,19871,20.67%
ASCOLI PICENO,August,47195,42.47%,18364,17.12%
ASCOLI PICENO,September,8396,40.91%,12367,17.47%
ASCOLI PICENO,October,226,43.81%,16419,18.32%
ASCOLI PICENO,November,352,38.07%,26028,17.26%
ASCOLI PICENO,December,670,40.75%,39505,20.71%
ASTI IL BORGO,January,1654,72.67%,51270,13.89%
ASTI IL BORGO,February,39978,66.22%,33833,13.70%
ASTI IL BORGO,March,111433,59.04%,32816,15.69%
ASTI IL BORGO,April,123013,62.08%,35687,15.66%
ASTI IL BORGO,May,104430,61.66%,34402,15.68%
ASTI IL BORGO,June,122661,59.66%,32348,19.48%
ASTI IL BORGO,July,128586,55.61%,43205,18.59%
ASTI IL BORGO,August,54030,45.60%,34297,16.59%
ASTI IL BORGO,September,10748,43.51%,31373,12.79%
ASTI IL BORGO,October,2516,42.89%,39172,13.82%
ASTI IL BORGO,November,2298,42.25%,49889,14.33%
ASTI IL BORGO,December,3045,40.59%,67993,16.07%
ATRIPALDA,January,2796,70.71%,39147,26.87%
ATRIPALDA,February,38574,64.70%,26480,24.16%
ATRIPALDA,March,145130,56.98%,26994,26.05%
ATRIPALDA,April,177132,59.86%,28626,25.75%
ATRIPALDA,May,178171,58.75%,29763,26.87%
ATRIPALDA,June,198457,57.52%,28825,31.27%
ATRIPALDA,July,180020,52.59%,31626,32.44%
ATRIPALDA,August,100357,39.40%,30701,29.26%
ATRIPALDA,September,21161,36.22%,22224,24.67%
ATRIPALDA,October,3062,38.28%,27455,25.64%
ATRIPALDA,November,2892,38.73%,36179,25.48%
ATRIPALDA,December,3755,39.04%,45111,28.71%
AVELLINO,January,,#DIV/0!,1173,67.77%
AVELLINO,February,835,65.75%,875,61.83%
AVELLINO,March,12942,58.76%,764,72.25%
AVELLINO,April,30148,59.48%,1575,61.65%
AVELLINO,May,28448,61.49%,1538,56.37%
AVELLINO,June,32983,60.43%,1721,66.01%
AVELLINO,July,31735,56.69%,1713,68.48%
AVELLINO,August,23960,41.99%,1743,69.36%
AVELLINO,September,6757,44.55%,995,61.81%
AVELLINO,October,1308,47.94%,1252,60.46%
AVELLINO,November,1113,50.13%,1722,59.52%
AVELLINO,December,483,48.86%,3456,64.64%
BARI S.CATERINA,January,1136,75.44%,36500,22.21%
BARI S.CATERINA,February,35945,66.23%,26697,17.55%
BARI S.CATERINA,March,141855,58.98%,26149,20.33%
BARI S.CATERINA,April,146528,61.82%,26891,20.07%
BARI S.CATERINA,May,143626,61.45%,29424,19.73%
BARI S.CATERINA,June,159301,60.45%,30173,21.32%
BARI S.CATERINA,July,128177,54.78%,36831,21.64%
BARI S.CATERINA,August,59657,42.39%,32432,18.81%
BARI S.CATERINA,September,13768,37.06%,21047,19.04%
BARI S.CATERINA,October,1932,39.34%,29810,18.89%
BARI S.CATERINA,November,1822,40.07%,37098,20.48%
BARI S.CATERINA,December,2910,39.55%,45002,21.05%
BENEVENTO,January,1879,73.34%,51199,17.73%
BENEVENTO,February,33100,65.51%,33988,15.76%
BENEVENTO,March,124332,58.51%,34058,17.09%
BENEVENTO,April,141010,60.99%,38146,16.79%
BENEVENTO,May,136740,60.22%,41230,16.24%
BENEVENTO,June,146594,58.57%,38091,19.86%
BENEVENTO,July,140627,54.07%,44363,19.99%
BENEVENTO,August,74826,39.31%,42077,16.89%
BENEVENTO,September,18513,38.46%,31982,14.64%
BENEVENTO,October,2432,38.20%,34429,16.76%
BENEVENTO,November,2263,39.28%,47470,17.21%
BENEVENTO,December,3484,38.66%,63381,19.40%
BIELLA,January,1865,69.97%,49844,17.33%
BIELLA,February,38518,66.32%,31404,16.09%
BIELLA,March,115249,59.98%,33791,15.58%
BIELLA,April,146351,62.27%,39426,15.83%
BIELLA,May,121055,62.52%,36463,15.04%
BIELLA,June,134084,59.83%,34447,18.20%
BIELLA,July,140197,54.80%,40935,20.43%
BIELLA,August,66856,42.96%,35032,18.12%
BIELLA,September,24866,41.97%,30151,15.81%
BIELLA,October,2681,43.42%,35884,15.85%
BIELLA,November,1767,39.62%,47052,16.71%
BIELLA,December,2960,43.68%,55104,19.00%
BOLOGNA - PANI,January,2985,73.23%,33161,27.98%
BOLOGNA - PANI,February,44628,67.23%,22206,26.23%
BOLOGNA - PANI,March,155295,58.72%,22480,26.02%
BOLOGNA - PANI,April,185265,62.83%,23880,25.89%
BOLOGNA - PANI,May,166210,61.62%,21979,26.88%
BOLOGNA - PANI,June,187205,59.34%,21457,31.80%
BOLOGNA - PANI,July,161242,53.20%,23606,32.71%
BOLOGNA - PANI,August,56335,39.58%,15469,28.38%
BOLOGNA - PANI,September,25123,40.82%,18829,24.57%
BOLOGNA - PANI,October,4863,42.69%,23708,26.51%
BOLOGNA - PANI,November,2916,39.64%,29243,27.46%
BOLOGNA - PANI,December,2981,39.25%,31642,30.17%
BOLZANO,January,1682,74.85%,37671,11.84%
BOLZANO,February,48998,68.34%,19484,12.34%
BOLZANO,March,105399,61.41%,17241,15.39%
BOLZANO,April,136209,64.71%,22639,14.78%
BOLZANO,May,125507,66.08%,19889,15.22%
BOLZANO,June,112191,62.09%,18973,17.82%
BOLZANO,July,120754,58.45%,30861,15.04%
BOLZANO,August,45616,40.81%,24386,12.71%
BOLZANO,September,8200,41.59%,18000,13.04%
BOLZANO,October,462,40.91%,25205,12.03%
BOLZANO,November,522,42.53%,34406,13.35%
BOLZANO,December,479,43.22%,35818,15.52%
BRESCIA,January,2831,73.58%,28503,27.48%
BRESCIA,February,48771,67.25%,21144,24.86%
BRESCIA,March,153959,59.71%,19376,28.31%
BRESCIA,April,155685,63.16%,20765,27.07%
BRESCIA,May,143935,61.64%,19749,28.98%
BRESCIA,June,149121,59.51%,18633,33.35%
BRESCIA,July,124874,53.47%,20017,32.62%
BRESCIA,August,51506,40.02%,16639,26.40%
BRESCIA,September,19490,41.03%,17754,24.86%
BRESCIA,October,3589,40.71%,21874,26.07%
BRESCIA,November,2600,40.42%,26106,27.01%
BRESCIA,December,3028,40.65%,29577,30.20%
BRINDISI,January,1524,75.00%,26949,29.32%
BRINDISI,February,36505,66.45%,17542,27.94%
BRINDISI,March,121410,58.28%,15627,30.72%
BRINDISI,April,156098,61.82%,19126,28.60%
BRINDISI,May,145445,61.67%,18115,30.83%
BRINDISI,June,146225,59.48%,16356,34.73%
BRINDISI,July,114407,54.70%,17617,33.79%
BRINDISI,August,56721,40.76%,16005,31.50%
BRINDISI,September,21043,38.82%,13486,29.10%
BRINDISI,October,5348,42.30%,17416,30.25%
BRINDISI,November,2676,41.74%,21769,30.46%
BRINDISI,December,3062,38.67%,25211,35.71%
CANTU',January,4696,72.76%,62203,21.41%
CANTU',February,67851,66.90%,41928,19.52%
CANTU',March,215248,59.72%,45042,20.91%
CANTU',April,261311,61.54%,48818,20.26%
CANTU',May,248618,61.41%,45837,22.48%
CANTU',June,247663,59.62%,41290,25.44%
CANTU',July,252313,54.61%,50311,25.41%
CANTU',August,104630,41.55%,40378,21.04%
CANTU',September,32250,37.72%,36372,19.97%
CANTU',October,7111,43.03%,46545,20.45%
CANTU',November,3117,42.12%,56542,21.69%
CANTU',December,5147,42.32%,73940,23.90%
CASALBERTONE,January,1406,69.63%,30426,14.34%
CASALBERTONE,February,29940,66.87%,16177,14.83%
CASALBERTONE,March,78671,58.65%,15129,16.86%
CASALBERTONE,April,101535,61.82%,17494,16.97%
CASALBERTONE,May,85295,61.53%,16326,18.08%
CASALBERTONE,June,99119,58.76%,17860,20.78%
CASALBERTONE,July,96388,55.53%,24566,17.84%
CASALBERTONE,August,42545,41.17%,18643,15.50%
CASALBERTONE,September,11238,40.95%,13669,15.66%
CASALBERTONE,October,1857,44.16%,17971,16.19%
CASALBERTONE,November,666,41.74%,27285,16.40%
CASALBERTONE,December,1283,46.30%,35617,19.21%
CASAMASSIMA,January,1687,74.87%,30718,23.77%
CASAMASSIMA,February,41534,66.95%,18815,22.79%
CASAMASSIMA,March,154439,59.29%,19744,24.53%
CASAMASSIMA,April,191880,62.24%,25574,22.64%
CASAMASSIMA,May,157956,62.16%,24599,22.67%
CASAMASSIMA,June,172444,60.36%,22167,24.32%
CASAMASSIMA,July,171400,55.39%,29527,25.40%
CASAMASSIMA,August,67354,41.78%,24437,22.31%
CASAMASSIMA,September,14562,39.53%,17256,21.35%
CASAMASSIMA,October,1589,39.77%,20850,25.11%
CASAMASSIMA,November,2174,43.15%,26324,26.60%
CASAMASSIMA,December,1800,40.94%,26885,28.17%
CASTELLETTO SO,January,3917,75.11%,35218,32.12%
CASTELLETTO SO,February,65135,66.88%,23955,30.61%
CASTELLETTO SO,March,206353,58.37%,25362,32.36%
CASTELLETTO SO,April,250220,62.75%,28304,29.80%
CASTELLETTO SO,May,249637,61.33%,27186,32.03%
CASTELLETTO SO,June,247976,59.64%,24087,38.30%
CASTELLETTO SO,July,234044,54.13%,26701,36.81%
CASTELLETTO SO,August,118399,41.27%,24349,33.57%
CASTELLETTO SO,September,42550,41.22%,22225,30.58%
CASTELLETTO SO,October,14984,43.77%,27030,33.37%
CASTELLETTO SO,November,4553,41.66%,31545,33.88%
CASTELLETTO SO,December,6938,44.02%,39170,37.70%
CATANIA BICOCCA,January,1175,74.64%,32138,23.63%
CATANIA BICOCCA,February,34165,66.52%,14931,25.87%
CATANIA BICOCCA,March,142968,59.45%,20493,21.53%
CATANIA BICOCCA,April,92029,61.30%,17066,22.00%
CATANIA BICOCCA,May,127790,63.25%,19970,22.67%
CATANIA BICOCCA,June,158245,59.26%,25541,25.18%
CATANIA BICOCCA,July,145759,54.96%,31432,24.66%
CATANIA BICOCCA,August,62273,41.72%,22786,23.57%
CATANIA BICOCCA,September,10876,40.73%,14744,21.84%
CATANIA BICOCCA,October,1859,39.97%,19626,24.08%
CATANIA BICOCCA,November,1593,40.30%,29533,24.50%
CATANIA BICOCCA,December,2820,41.06%,33874,25.93%
CHIVASSO,January,1555,72.80%,6353,41.57%
CHIVASSO,February,20727,66.42%,4562,42.11%
CHIVASSO,March,49265,58.94%,4085,45.34%
CHIVASSO,April,51830,64.04%,4135,42.73%
CHIVASSO,May,51765,62.60%,4062,46.65%
CHIVASSO,June,53878,60.57%,4024,51.67%
CHIVASSO,July,40712,55.65%,3666,50.49%
CHIVASSO,August,20266,45.74%,2933,47.56%
CHIVASSO,September,6117,44.47%,3017,41.66%
CHIVASSO,October,591,43.49%,4003,44.44%
CHIVASSO,November,544,41.36%,4880,46.39%
CHIVASSO,December,886,40.29%,7315,50.23%
CIRIE',January,2721,73.47%,36014,15.52%
CIRIE',February,42466,67.46%,27253,14.38%
CIRIE',March,92459,60.31%,25666,16.79%
CIRIE',April,92591,64.43%,27342,14.82%
CIRIE',May,89470,63.32%,26382,17.47%
CIRIE',June,100831,61.16%,26740,19.66%
CIRIE',July,103739,57.08%,31582,20.30%
CIRIE',August,42078,46.50%,26452,15.64%
CIRIE',September,7408,40.36%,21337,15.59%
CIRIE',October,2335,40.56%,27720,15.60%
CIRIE',November,1919,40.13%,33252,16.51%
CIRIE',December,2917,40.11%,44621,19.71%
CIVITANOVA ADRIATICO,January,3199,70.18%,72253,13.23%
CIVITANOVA ADRIATICO,February,46453,67.47%,45410,12.09%
CIVITANOVA ADRIATICO,March,164695,60.70%,41676,14.37%
CIVITANOVA ADRIATICO,April,206059,63.72%,53438,13.59%
CIVITANOVA ADRIATICO,May,168761,64.38%,46325,14.07%
CIVITANOVA ADRIATICO,June,179227,62.41%,41969,16.82%
CIVITANOVA ADRIATICO,July,216083,57.61%,59978,17.17%
CIVITANOVA ADRIATICO,August,104192,45.71%,59168,13.55%
CIVITANOVA ADRIATICO,September,15804,42.40%,43015,11.97%
CIVITANOVA ADRIATICO,October,2170,48.25%,48820,13.34%
CIVITANOVA ADRIATICO,November,1707,43.00%,70865,14.01%
CIVITANOVA ADRIATICO,December,2200,40.27%,79475,15.57%
COCCONATO,January,3543,73.72%,16666,44.39%
COCCONATO,February,54609,66.95%,10999,42.52%
COCCONATO,March,171861,57.80%,11665,46.49%
COCCONATO,April,219354,61.53%,14047,38.40%
COCCONATO,May,180850,60.48%,11407,42.39%
COCCONATO,June,177506,59.26%,10062,50.62%
COCCONATO,July,177330,53.40%,10733,48.76%
COCCONATO,August,92529,38.61%,9746,46.04%
COCCONATO,September,47798,40.68%,9924,41.42%
COCCONATO,October,18267,42.38%,12776,41.72%
COCCONATO,November,7401,41.75%,14083,43.77%
COCCONATO,December,3779,37.81%,11958,50.74%
COLOGNO,January,1732,74.36%,23181,35.23%
COLOGNO,February,47108,66.11%,17523,32.51%
COLOGNO,March,141337,57.85%,17313,34.01%
COLOGNO,April,167801,61.97%,17433,33.57%
COLOGNO,May,156396,60.35%,16435,36.98%
COLOGNO,June,169505,59.13%,15355,40.95%
COLOGNO,July,134915,53.87%,16034,41.13%
COLOGNO,August,45412,37.43%,9934,36.13%
COLOGNO,September,21565,36.10%,12948,33.57%
COLOGNO,October,4007,34.81%,17357,34.68%
COLOGNO,November,1955,38.41%,21364,34.04%
COLOGNO,December,3483,40.34%,24516,38.28%
CONEGLIANO,January,3530,73.71%,68914,14.58%
CONEGLIANO,February,66143,68.13%,45869,14.04%
CONEGLIANO,March,181350,61.82%,44353,15.25%
CONEGLIANO,April,196478,63.86%,47110,14.52%
CONEGLIANO,May,171710,63.84%,43366,14.95%
CONEGLIANO,June,166684,62.04%,39837,17.70%
CONEGLIANO,July,185412,56.72%,52663,17.37%
CONEGLIANO,August,93158,44.80%,44353,15.65%
CONEGLIANO,September,26637,43.44%,40206,12.96%
CONEGLIANO,October,2627,41.95%,47741,14.73%
CONEGLIANO,November,1781,41.33%,63707,15.28%
CONEGLIANO,December,2437,40.13%,80374,15.68%
CORBETTA,January,1824,74.34%,21837,31.21%
CORBETTA,February,47307,66.44%,15514,29.70%
CORBETTA,March,139372,57.83%,16384,32.32%
CORBETTA,April,158020,62.74%,17673,30.96%
CORBETTA,May,140679,61.55%,16263,33.88%
CORBETTA,June,146393,59.21%,15474,39.71%
CORBETTA,July,119987,54.45%,15412,37.93%
CORBETTA,August,51149,39.65%,11856,32.98%
CORBETTA,September,13824,38.23%,12573,30.70%
CORBETTA,October,2903,42.20%,16858,32.86%
CORBETTA,November,1569,41.49%,19884,33.59%
CORBETTA,December,2200,41.27%,23786,37.37%
CORIANO,January,2340,73.55%,13004,38.27%
CORIANO,February,31071,67.85%,8641,37.92%
CORIANO,March,95652,59.22%,8732,39.97%
CORIANO,April,108184,63.53%,9011,39.74%
CORIANO,May,105970,62.22%,8224,42.39%
CORIANO,June,113841,60.55%,6733,51.89%
CORIANO,July,95997,53.91%,7586,51.60%
CORIANO,August,50096,39.70%,6810,48.60%
CORIANO,September,18866,40.22%,6519,44.06%
CORIANO,October,6870,42.97%,7950,45.26%
CORIANO,November,1889,40.39%,10266,42.36%
CORIANO,December,1896,39.87%,11675,44.66%
COSENZA,January,1677,75.97%,45436,25.22%
COSENZA,February,49515,65.46%,29638,22.51%
COSENZA,March,177472,57.72%,31706,24.08%
COSENZA,April,185737,60.70%,32326,23.80%
COSENZA,May,189680,59.23%,35908,24.12%
COSENZA,June,220847,57.24%,36594,29.19%
COSENZA,July,177920,52.57%,36367,29.06%
COSENZA,August,68466,38.30%,24541,26.43%
COSENZA,September,15387,37.23%,26867,22.09%
COSENZA,October,3343,37.81%,34236,24.05%
COSENZA,November,2924,41.01%,40790,25.36%
COSENZA,December,4514,40.70%,48356,29.31%
CURNO,January,1465,73.58%,14901,34.63%
CURNO,February,28817,67.26%,10070,33.57%
CURNO,March,84789,59.85%,9751,35.71%
CURNO,April,89490,63.43%,10201,33.67%
CURNO,May,87229,62.25%,9385,37.49%
CURNO,June,89634,61.04%,8022,43.64%
CURNO,July,71733,54.02%,8880,42.62%
CURNO,August,31683,42.08%,7716,37.09%
CURNO,September,11939,43.76%,7535,33.83%
CURNO,October,2585,46.54%,9934,32.95%
CURNO,November,1729,43.09%,13170,33.99%
CURNO,December,1569,43.21%,15291,36.86%
DAVERIO,January,2295,71.55%,29282,16.38%
DAVERIO,February,35638,69.02%,19990,15.21%
DAVERIO,March,109449,61.81%,20979,17.81%
DAVERIO,April,114654,62.80%,22519,19.13%
DAVERIO,May,104895,64.04%,21886,19.43%
DAVERIO,June,121246,61.76%,21479,23.76%
DAVERIO,July,108716,57.45%,24168,22.20%
DAVERIO,August,34411,44.90%,18732,17.71%
DAVERIO,September,3402,39.77%,17696,16.98%
DAVERIO,October,1021,40.45%,22296,16.82%
DAVERIO,November,1215,41.23%,27337,17.82%
DAVERIO,December,2405,41.00%,39997,19.90%
DESENZANO DEL,January,2449,72.44%,48765,22.02%
DESENZANO DEL,February,63393,66.65%,34893,21.14%
DESENZANO DEL,March,192101,58.74%,36421,21.64%
DESENZANO DEL,April,237513,62.09%,40806,20.86%
DESENZANO DEL,May,218921,61.21%,37521,22.07%
DESENZANO DEL,June,233871,59.98%,33317,25.79%
DESENZANO DEL,July,223109,54.06%,39539,25.09%
DESENZANO DEL,August,118995,39.98%,39113,22.12%
DESENZANO DEL,September,38617,39.04%,33704,20.18%
DESENZANO DEL,October,7609,42.19%,39476,20.85%
DESENZANO DEL,November,2952,42.01%,45590,22.35%
DESENZANO DEL,December,3284,41.02%,49491,23.96%
ERBUSCO,January,3018,72.30%,51984,13.33%
ERBUSCO,February,49500,68.04%,33111,13.50%
ERBUSCO,March,127480,61.91%,32676,14.58%
ERBUSCO,April,135790,63.81%,35753,13.98%
ERBUSCO,May,120535,63.26%,32442,14.24%
ERBUSCO,June,124884,59.73%,29347,17.93%
ERBUSCO,July,121215,55.43%,36443,16.89%
ERBUSCO,August,56384,43.09%,31809,14.64%
ERBUSCO,September,11410,40.29%,25163,13.79%
ERBUSCO,October,1341,40.04%,32857,13.86%
ERBUSCO,November,1266,40.28%,45617,14.28%
ERBUSCO,December,1917,40.22%,60689,15.24%
FROSINONE,January,3531,74.48%,28618,30.20%
FROSINONE,February,50834,66.64%,18302,27.87%
FROSINONE,March,164511,59.14%,18152,32.78%
FROSINONE,April,178005,63.11%,20460,29.65%
FROSINONE,May,181572,61.28%,20813,33.10%
FROSINONE,June,185118,59.61%,19970,37.38%
FROSINONE,July,162166,54.68%,21498,37.41%
FROSINONE,August,88557,41.50%,19696,33.98%
FROSINONE,September,23220,39.24%,16245,28.63%
FROSINONE,October,2275,43.16%,19570,31.52%
FROSINONE,November,2024,42.84%,25761,33.94%
FROSINONE,December,2675,43.36%,32079,35.96%
GALLARATE,January,1804,74.72%,32872,32.94%
GALLARATE,February,68229,66.47%,24288,29.83%
GALLARATE,March,221933,59.21%,23750,31.33%
GALLARATE,April,241341,61.47%,24905,31.30%
GALLARATE,May,210561,61.49%,23441,32.96%
GALLARATE,June,240321,59.19%,22695,38.47%
GALLARATE,July,224810,54.39%,25784,37.00%
GALLARATE,August,89815,40.06%,20229,32.57%
GALLARATE,September,21210,38.89%,19543,30.56%
GALLARATE,October,3302,44.31%,25144,32.05%
GALLARATE,November,2831,40.45%,30453,33.05%
GALLARATE,December,3474,40.44%,36247,36.25%
GENOVA,January,2299,72.25%,33616,25.81%
GENOVA,February,43749,66.50%,22807,24.36%
GENOVA,March,151558,59.42%,20336,27.03%
GENOVA,April,170654,61.46%,22147,25.91%
GENOVA,May,152078,61.56%,23043,24.55%
GENOVA,June,154706,59.53%,19761,31.51%
GENOVA,July,164811,55.32%,23177,33.08%
GENOVA,August,66668,43.04%,16132,30.14%
GENOVA,September,23418,42.78%,17181,23.83%
GENOVA,October,4896,43.30%,24074,24.06%
GENOVA,November,2404,42.26%,31247,25.57%
GENOVA,December,2692,42.09%,35093,29.36%
GENOVA C COMMLE,January,1054,72.96%,81094,8.57%
GENOVA C COMMLE,February,38496,67.29%,50872,8.09%
GENOVA C COMMLE,March,118977,60.58%,47397,9.31%
GENOVA C COMMLE,April,131179,62.83%,56915,9.09%
GENOVA C COMMLE,May,109202,64.66%,53559,9.15%
GENOVA C COMMLE,June,115555,62.13%,49124,11.21%
GENOVA C COMMLE,July,141485,57.73%,71631,11.63%
GENOVA C COMMLE,August,55153,46.61%,59625,8.09%
GENOVA C COMMLE,September,5565,42.53%,41926,8.07%
GENOVA C COMMLE,October,1406,40.04%,55683,8.98%
GENOVA C COMMLE,November,1961,40.80%,72932,9.27%
GENOVA C COMMLE,December,2370,40.30%,89057,11.03%
GROSSETO,January,1893,70.89%,30291,10.83%
GROSSETO,February,27278,68.55%,16335,11.62%
GROSSETO,March,65799,60.00%,14056,13.56%
GROSSETO,April,91388,62.91%,19925,13.15%
GROSSETO,May,84030,65.03%,18130,13.97%
GROSSETO,June,85272,61.92%,17437,17.18%
GROSSETO,July,95832,58.22%,29689,13.43%
GROSSETO,August,44953,43.89%,26176,11.41%
GROSSETO,September,4733,39.78%,16726,11.74%
GROSSETO,October,416,43.51%,19942,12.20%
GROSSETO,November,808,43.44%,31590,13.42%
GROSSETO,December,979,41.27%,43969,14.74%
GRUGLIASCO 2,January,4694,73.16%,70899,22.41%
GRUGLIASCO 2,February,88676,65.88%,43139,21.01%
GRUGLIASCO 2,March,325619,58.57%,47516,22.43%
GRUGLIASCO 2,April,336732,61.66%,51546,21.42%
GRUGLIASCO 2,May,294174,61.86%,45273,23.16%
GRUGLIASCO 2,June,331869,59.59%,48527,26.07%
GRUGLIASCO 2,July,382701,54.58%,61056,27.02%
GRUGLIASCO 2,August,146522,40.91%,42199,22.15%
GRUGLIASCO 2,September,40554,41.29%,40490,19.21%
GRUGLIASCO 2,October,7408,49.91%,51413,21.06%
GRUGLIASCO 2,November,5173,43.42%,64900,22.47%
GRUGLIASCO 2,December,5185,39.92%,66664,28.86%
LA SPEZIA,January,1127,69.12%,32746,9.49%
LA SPEZIA,February,18956,67.78%,17681,9.80%
LA SPEZIA,March,53916,60.94%,15219,12.41%
LA SPEZIA,April,71278,61.98%,18730,12.04%
LA SPEZIA,May,71403,64.45%,18350,13.18%
LA SPEZIA,June,72756,61.69%,18558,14.61%
LA SPEZIA,July,79357,56.56%,29941,12.02%
LA SPEZIA,August,30695,40.39%,24710,10.10%
LA SPEZIA,September,5910,41.90%,16235,10.18%
LA SPEZIA,October,665,39.10%,19973,10.73%
LA SPEZIA,November,355,41.97%,32258,11.15%
LA SPEZIA,December,524,45.23%,45101,13.62%
LAMEZIA,January,1140,73.42%,32762,31.64%
LAMEZIA,February,35316,65.64%,16644,30.73%
LAMEZIA,March,146146,58.57%,16345,30.28%
LAMEZIA,April,195776,60.35%,23502,28.50%
LAMEZIA,May,173032,60.54%,23252,27.23%
LAMEZIA,June,185835,58.40%,24490,28.66%
LAMEZIA,July,163757,53.45%,29167,30.20%
LAMEZIA,August,81084,38.92%,26018,29.09%
LAMEZIA,September,27110,39.36%,18187,28.23%
LAMEZIA,October,7957,42.06%,20323,28.83%
LAMEZIA,November,4348,42.53%,26112,29.92%
LAMEZIA,December,4495,43.20%,29747,31.67%
L'AQUILA,January,1620,75.43%,38972,24.12%
L'AQUILA,February,52854,65.59%,27467,22.99%
L'AQUILA,March,155631,58.79%,31181,25.00%
L'AQUILA,April,166582,61.55%,31213,23.93%
L'AQUILA,May,177678,60.58%,34077,24.87%
L'AQUILA,June,179640,59.01%,32195,28.59%
L'AQUILA,July,165945,54.70%,33651,29.13%
L'AQUILA,August,81997,42.06%,27932,27.61%
L'AQUILA,September,23937,38.91%,26383,23.65%
L'AQUILA,October,3088,41.09%,30742,24.33%
L'AQUILA,November,2357,40.01%,38325,23.81%
L'AQUILA,December,2828,39.99%,46175,26.56%
LECCE,January,2417,73.93%,64834,25.31%
LECCE,February,83408,66.64%,37242,24.81%
LECCE,March,360016,58.64%,47055,24.49%
LECCE,April,394312,61.83%,55626,24.38%
LECCE,May,344887,62.24%,54597,24.25%
LECCE,June,383939,60.23%,52972,26.90%
LECCE,July,355813,55.16%,58845,26.45%
LECCE,August,162028,41.00%,52619,23.82%
LECCE,September,39313,38.31%,41825,21.92%
LECCE,October,8923,46.39%,52088,23.59%
LECCE,November,5207,43.21%,66839,25.33%
LECCE,December,5831,40.44%,85462,26.27%
LECCO,January,3233,74.45%,79496,15.16%
LECCO,February,73813,66.85%,52541,14.82%
LECCO,March,202736,60.16%,55543,15.69%
LECCO,April,250782,62.29%,59963,15.74%
LECCO,May,240201,62.48%,58481,16.59%
LECCO,June,246233,60.40%,51285,20.60%
LECCO,July,260908,55.89%,64306,20.46%
LECCO,August,100211,44.16%,52336,17.09%
LECCO,September,27825,43.53%,45972,15.47%
LECCO,October,4773,43.14%,57203,15.91%
LECCO,November,3093,42.68%,75022,16.64%
LECCO,December,3490,40.54%,93239,18.22%
LISSONE,January,4150,74.02%,76566,25.29%
LISSONE,February,108099,65.89%,56039,23.47%
LISSONE,March,376822,58.45%,59195,25.15%
LISSONE,April,426769,61.77%,59644,24.85%
LISSONE,May,383788,61.30%,54992,26.74%
LISSONE,June,458183,60.38%,57919,30.56%
LISSONE,July,416680,55.07%,64521,29.56%
LISSONE,August,163117,40.29%,52101,24.16%
LISSONE,September,58243,41.40%,49188,22.79%
LISSONE,October,9578,42.49%,61673,24.92%
LISSONE,November,4901,41.54%,77332,25.89%
LISSONE,December,5746,41.49%,90967,29.63%
MASSA CARRARA,January,2706,71.73%,31782,13.68%
MASSA CARRARA,February,33819,68.17%,20115,13.56%
MASSA CARRARA,March,100542,59.89%,20008,17.45%
MASSA CARRARA,April,118210,62.08%,23877,15.99%
MASSA CARRARA,May,125460,63.84%,23586,17.68%
MASSA CARRARA,June,129071,62.03%,24089,20.87%
MASSA CARRARA,July,142073,57.36%,35643,16.80%
MASSA CARRARA,August,69843,43.41%,32106,13.73%
MASSA CARRARA,September,9813,39.76%,20321,14.43%
MASSA CARRARA,October,2246,48.04%,23205,15.16%
MASSA CARRARA,November,634,42.74%,34714,15.89%
MASSA CARRARA,December,1521,44.44%,57410,18.09%
MESSINA,January,1372,75.51%,39495,24.84%
MESSINA,February,38186,65.72%,24076,22.54%
MESSINA,March,136034,58.35%,24542,24.17%
MESSINA,April,149942,61.30%,26979,21.84%
MESSINA,May,154000,59.53%,28199,22.28%
MESSINA,June,165222,58.24%,25939,25.21%
MESSINA,July,127866,54.09%,27880,26.40%
MESSINA,August,63260,40.54%,22915,25.23%
MESSINA,September,25669,39.48%,17726,23.56%
MESSINA,October,9570,43.23%,23183,22.96%
MESSINA,November,6426,44.20%,31433,25.34%
MESSINA,December,4263,45.34%,35523,27.58%
Milano Buenos,January,3970,75.21%,102168,12.14%
Milano Buenos,February,70924,67.60%,62614,11.93%
Milano Buenos,March,215249,61.26%,54645,13.44%
Milano Buenos,April,237140,62.31%,64201,13.32%
Milano Buenos,May,197796,63.47%,58716,13.32%
Milano Buenos,June,235467,60.94%,56757,17.61%
Milano Buenos,July,248436,56.75%,78060,16.25%
Milano Buenos,August,99316,43.62%,53306,13.89%
Milano Buenos,September,15608,42.74%,45168,12.35%
Milano Buenos,October,3549,40.69%,64117,12.75%
Milano Buenos,November,3840,40.96%,76990,14.18%
Milano Buenos,December,4949,40.09%,82134,15.65%
MILANO C.SO VE,January,4789,73.13%,54742,22.08%
MILANO C.SO VE,February,72555,67.87%,40444,20.87%
MILANO C.SO VE,March,225089,60.31%,39870,22.87%
MILANO C.SO VE,April,246220,62.56%,42407,22.13%
MILANO C.SO VE,May,219279,62.46%,42154,21.70%
MILANO C.SO VE,June,243483,61.00%,42806,24.72%
MILANO C.SO VE,July,231857,55.78%,44631,26.42%
MILANO C.SO VE,August,90221,42.66%,27357,26.08%
MILANO C.SO VE,September,30650,41.27%,33050,20.89%
MILANO C.SO VE,October,6171,45.44%,42577,20.73%
MILANO C.SO VE,November,2978,40.56%,49879,23.07%
MILANO C.SO VE,December,3918,39.89%,53205,25.04%
MILANO SARCA,January,2637,71.22%,31318,13.20%
MILANO SARCA,February,26200,68.40%,16661,13.74%
MILANO SARCA,March,69252,61.26%,12687,18.11%
MILANO SARCA,April,84099,62.08%,16102,16.17%
MILANO SARCA,May,77927,64.14%,14678,17.77%
MILANO SARCA,June,86484,61.60%,16210,19.72%
MILANO SARCA,July,94683,57.30%,26625,15.71%
MILANO SARCA,August,29573,45.06%,19619,10.86%
MILANO SARCA,September,4021,41.86%,13179,14.05%
MILANO SARCA,October,528,42.23%,20163,13.03%
MILANO SARCA,November,480,40.00%,30949,13.80%
MILANO SARCA,December,511,41.49%,41608,16.69%
MODENA I PORTALI,January,1845,70.73%,41092,10.21%
MODENA I PORTALI,February,33695,68.24%,22908,11.54%
MODENA I PORTALI,March,86500,60.45%,18439,15.13%
MODENA I PORTALI,April,96932,63.01%,20451,14.58%
MODENA I PORTALI,May,89392,64.77%,18463,17.12%
MODENA I PORTALI,June,95680,61.50%,18142,20.77%
MODENA I PORTALI,July,112920,58.30%,28157,18.20%
MODENA I PORTALI,August,50233,43.72%,22322,13.57%
MODENA I PORTALI,September,8497,35.06%,14039,15.04%
MODENA I PORTALI,October,2455,47.94%,19385,14.85%
MODENA I PORTALI,November,764,43.98%,31479,14.24%
MODENA I PORTALI,December,407,43.00%,40352,16.05%
MOLFETTA,January,633,74.88%,49460,7.72%
MOLFETTA,February,24037,66.93%,24608,8.33%
MOLFETTA,March,80412,59.20%,20250,10.01%
MOLFETTA,April,103574,60.45%,28513,9.59%
MOLFETTA,May,81703,62.96%,25642,10.35%
MOLFETTA,June,84578,61.16%,23007,12.53%
MOLFETTA,July,90353,57.68%,36329,10.30%
MOLFETTA,August,48276,43.10%,37000,8.19%
MOLFETTA,September,6910,34.07%,18440,9.28%
MOLFETTA,October,949,43.62%,23715,9.86%
MOLFETTA,November,580,41.03%,38753,10.00%
MOLFETTA,December,493,39.96%,47262,10.42%
MONTANO LUCINO,January,4917,69.80%,71374,23.05%
MONTANO LUCINO,February,96489,67.37%,48145,21.74%
MONTANO LUCINO,March,318660,59.59%,49795,23.28%
MONTANO LUCINO,April,405475,62.00%,53957,23.36%
MONTANO LUCINO,May,411163,62.09%,57024,24.21%
MONTANO LUCINO,June,395596,60.38%,50855,28.42%
MONTANO LUCINO,July,393525,54.80%,59239,28.59%
MONTANO LUCINO,August,157768,40.44%,47283,24.14%
MONTANO LUCINO,September,50914,38.88%,44154,22.57%
MONTANO LUCINO,October,7452,39.94%,53410,23.88%
MONTANO LUCINO,November,3836,41.48%,64349,25.02%
MONTANO LUCINO,December,4368,39.93%,85564,26.25%
MUGGIA,January,1299,68.05%,44984,13.64%
MUGGIA,February,25681,66.89%,28198,11.96%
MUGGIA,March,78434,61.63%,26779,13.31%
MUGGIA,April,93954,64.15%,31753,13.85%
MUGGIA,May,93455,65.84%,29444,14.70%
MUGGIA,June,114052,63.22%,30395,17.64%
MUGGIA,July,103777,56.13%,38219,17.46%
MUGGIA,August,49895,45.72%,31775,15.01%
MUGGIA,September,12169,43.79%,25603,13.27%
MUGGIA,October,2076,42.73%,31513,13.83%
MUGGIA,November,1342,41.51%,45205,13.86%
MUGGIA,December,2228,41.56%,51569,15.61%
NICHELINO,January,1825,72.38%,28349,25.04%
NICHELINO,February,37028,66.38%,19523,23.76%
NICHELINO,March,114172,57.66%,20376,23.76%
NICHELINO,April,110845,62.34%,20838,23.37%
NICHELINO,May,114605,61.07%,18712,25.35%
NICHELINO,June,107369,58.63%,15997,30.36%
NICHELINO,July,106775,52.86%,18748,29.78%
NICHELINO,August,53629,40.48%,14281,27.79%
NICHELINO,September,19667,40.50%,13754,24.69%
NICHELINO,October,3421,40.13%,19075,25.40%
NICHELINO,November,1930,39.53%,25636,25.66%
NICHELINO,December,2558,41.16%,31375,27.66%
OCCHIOBELLO,January,470,69.79%,23707,35.18%
OCCHIOBELLO,February,54071,65.28%,17281,34.37%
OCCHIOBELLO,March,192878,58.08%,17526,36.47%
OCCHIOBELLO,April,197550,62.45%,17098,35.66%
OCCHIOBELLO,May,165554,60.67%,14669,38.69%
OCCHIOBELLO,June,175430,59.56%,13132,44.08%
OCCHIOBELLO,July,144282,53.75%,13318,44.32%
OCCHIOBELLO,August,70182,39.83%,11716,40.42%
OCCHIOBELLO,September,21597,39.05%,12842,33.78%
OCCHIOBELLO,October,3626,41.04%,18415,34.28%
OCCHIOBELLO,November,2076,40.70%,23232,34.89%
OCCHIOBELLO,December,2883,39.99%,26693,37.85%
OSIMO,January,4576,74.50%,32265,35.05%
OSIMO,February,58849,67.05%,20351,33.28%
OSIMO,March,231199,58.36%,22206,34.21%
OSIMO,April,285191,62.60%,26643,31.96%
OSIMO,May,235582,61.89%,23136,34.02%
OSIMO,June,258272,60.05%,20310,41.87%
OSIMO,July,227349,54.41%,23834,38.87%
OSIMO,August,116216,39.74%,20296,37.06%
OSIMO,September,48921,40.86%,20467,32.20%
OSIMO,October,15134,42.30%,25027,34.24%
OSIMO,November,6941,41.75%,31042,35.59%
OSIMO,December,5214,42.02%,34982,38.70%
OSNAGO,January,1111,73.72%,25482,39.62%
OSNAGO,February,60860,66.95%,18224,37.02%
OSNAGO,March,186917,59.02%,18953,37.85%
OSNAGO,April,214377,62.06%,20004,37.10%
OSNAGO,May,220882,61.14%,18418,43.10%
OSNAGO,June,225049,59.54%,16217,50.43%
OSNAGO,July,195669,53.67%,17443,49.53%
OSNAGO,August,78899,38.81%,13594,44.20%
OSNAGO,September,32446,35.55%,14079,40.65%
OSNAGO,October,8378,37.85%,18470,40.05%
OSNAGO,November,5083,35.65%,23389,40.49%
OSNAGO,December,4685,36.63%,27967,43.44%
PANORAMA ALESSANDRIA,January,1014,72.39%,45354,11.26%
PANORAMA ALESSANDRIA,February,28761,67.46%,26228,12.65%
PANORAMA ALESSANDRIA,March,65340,60.31%,25117,13.04%
PANORAMA ALESSANDRIA,April,75807,63.03%,27357,13.27%
PANORAMA ALESSANDRIA,May,73701,63.39%,26501,13.08%
PANORAMA ALESSANDRIA,June,81545,62.15%,27512,15.15%
PANORAMA ALESSANDRIA,July,81015,55.45%,36333,15.04%
PANORAMA ALESSANDRIA,August,37267,45.64%,27375,14.28%
PANORAMA ALESSANDRIA,September,7539,43.15%,20562,12.08%
PANORAMA ALESSANDRIA,October,1049,40.71%,29144,11.01%
PANORAMA ALESSANDRIA,November,1408,41.55%,38489,11.79%
PANORAMA ALESSANDRIA,December,1719,41.07%,58476,12.82%
PANTIGLIATE,January,4614,73.19%,49489,26.26%
PANTIGLIATE,February,74524,65.65%,35800,24.16%
PANTIGLIATE,March,225019,58.05%,37050,23.55%
PANTIGLIATE,April,293867,61.22%,40888,23.65%
PANTIGLIATE,May,261797,60.89%,38889,25.00%
PANTIGLIATE,June,291359,58.99%,38242,28.21%
PANTIGLIATE,July,252191,53.80%,38970,29.16%
PANTIGLIATE,August,93977,38.52%,28334,25.06%
PANTIGLIATE,September,27220,37.18%,29954,22.58%
PANTIGLIATE,October,4156,37.44%,38270,24.62%
PANTIGLIATE,November,2944,40.22%,43266,25.88%
PANTIGLIATE,December,4609,40.44%,56955,28.98%
PARMA,January,5586,71.97%,69143,16.39%
PARMA,February,70828,67.35%,49039,14.29%
PARMA,March,204262,59.92%,48248,16.56%
PARMA,April,212918,62.95%,49031,16.72%
PARMA,May,188694,63.13%,48913,16.80%
PARMA,June,203098,61.12%,44723,19.98%
PARMA,July,212160,56.83%,55575,20.91%
PARMA,August,90309,44.54%,47221,17.36%
PARMA,September,18105,43.41%,42469,14.10%
PARMA,October,3555,44.61%,48832,16.57%
PARMA,November,2767,40.22%,63903,17.61%
PARMA,December,3349,40.67%,79386,18.41%
PARONA,January,665,72.93%,33535,20.49%
PARONA,February,40452,66.54%,23389,19.74%
PARONA,March,114664,59.44%,23231,20.39%
PARONA,April,129849,62.31%,25715,19.94%
PARONA,May,123796,62.24%,23196,21.68%
PARONA,June,131372,60.45%,23139,25.16%
PARONA,July,115354,54.32%,27865,24.45%
PARONA,August,51264,40.93%,22694,22.34%
PARONA,September,14837,40.23%,19967,19.34%
PARONA,October,3778,39.94%,23501,20.43%
PARONA,November,2068,41.44%,29232,22.15%
PARONA,December,2295,38.39%,38902,24.13%
PESARO,January,1876,76.44%,51008,13.78%
PESARO,February,42792,68.25%,35312,11.98%
PESARO,March,116854,62.03%,32006,13.59%
PESARO,April,131821,62.92%,36987,13.63%
PESARO,May,102654,65.36%,33253,14.42%
PESARO,June,114640,62.80%,31533,17.23%
PESARO,July,139872,57.96%,44101,17.29%
PESARO,August,63344,47.31%,38415,14.59%
PESARO,September,10327,44.16%,28610,12.70%
PESARO,October,2611,47.57%,34124,13.11%
PESARO,November,1651,42.76%,48069,13.77%
PESARO,December,1893,40.31%,58862,15.13%
PIEVE A NIEVOL,January,3041,72.87%,28199,37.53%
PIEVE A NIEVOL,February,52289,66.90%,18003,35.64%
PIEVE A NIEVOL,March,186857,58.89%,17710,35.62%
PIEVE A NIEVOL,April,240190,62.06%,20083,35.35%
PIEVE A NIEVOL,May,225879,62.19%,19004,36.88%
PIEVE A NIEVOL,June,229904,59.60%,17863,41.92%
PIEVE A NIEVOL,July,221281,54.21%,20288,42.00%
PIEVE A NIEVOL,August,98958,39.40%,16772,38.78%
PIEVE A NIEVOL,September,44650,39.69%,15704,33.58%
PIEVE A NIEVOL,October,12716,43.64%,19329,34.20%
PIEVE A NIEVOL,November,9645,45.64%,25548,36.53%
PIEVE A NIEVOL,December,8105,43.27%,28506,40.45%
PIEVE FISSIRAG,January,3556,72.53%,55248,22.51%
PIEVE FISSIRAG,February,69826,67.12%,38010,20.62%
PIEVE FISSIRAG,March,240530,59.86%,39556,21.43%
PIEVE FISSIRAG,April,293580,61.87%,45326,21.66%
PIEVE FISSIRAG,May,270062,61.98%,40961,23.42%
PIEVE FISSIRAG,June,281388,60.75%,37266,27.18%
PIEVE FISSIRAG,July,263988,54.64%,42303,26.85%
PIEVE FISSIRAG,August,118252,40.42%,34998,23.13%
PIEVE FISSIRAG,September,32303,36.14%,33034,19.46%
PIEVE FISSIRAG,October,4614,42.05%,39675,21.29%
PIEVE FISSIRAG,November,2918,41.57%,49724,22.19%
PIEVE FISSIRAG,December,3535,40.62%,62991,24.29%
PISA,January,3024,71.33%,35857,28.33%
PISA,February,57723,67.12%,24895,27.10%
PISA,March,211090,59.31%,26049,30.22%
PISA,April,246488,64.36%,25963,29.90%
PISA,May,245877,62.35%,24600,34.49%
PISA,June,265205,60.47%,23915,40.07%
PISA,July,240557,55.37%,26716,37.42%
PISA,August,96208,41.94%,20630,31.62%
PISA,September,29085,40.66%,20218,28.53%
PISA,October,2412,40.38%,24724,32.30%
PISA,November,2660,40.53%,34940,31.29%
PISA,December,3665,39.65%,40687,35.07%
POCAPAGLIA,January,2381,75.26%,21632,38.49%
POCAPAGLIA,February,45948,66.79%,13920,37.97%
POCAPAGLIA,March,152845,59.30%,13893,39.78%
POCAPAGLIA,April,187940,63.71%,14878,39.41%
POCAPAGLIA,May,172383,62.02%,13993,41.84%
POCAPAGLIA,June,181659,59.75%,12666,47.84%
POCAPAGLIA,July,163988,54.38%,14720,47.34%
POCAPAGLIA,August,76795,40.46%,10667,48.67%
POCAPAGLIA,September,37557,41.08%,10308,42.94%
POCAPAGLIA,October,10704,38.67%,13815,42.61%
POCAPAGLIA,November,5413,37.82%,17041,39.79%
POCAPAGLIA,December,4684,35.01%,19538,42.88%
POMPEI,January,2043,74.79%,115003,10.35%
POMPEI,February,68627,66.88%,71248,9.15%
POMPEI,March,218503,59.87%,66978,12.31%
POMPEI,April,217606,62.07%,74895,11.50%
POMPEI,May,216097,62.41%,74094,11.58%
POMPEI,June,279214,60.27%,83547,13.92%
POMPEI,July,261517,55.85%,106622,13.04%
POMPEI,August,101027,41.91%,100798,9.41%
POMPEI,September,14609,36.66%,58354,9.88%
POMPEI,October,2371,40.15%,67993,11.54%
POMPEI,November,2371,41.97%,98339,12.36%
POMPEI,December,2495,40.20%,112688,13.59%
QUART,January,2358,71.50%,18575,35.52%
QUART,February,39944,66.06%,12066,34.62%
QUART,March,102611,57.82%,12561,36.34%
QUART,April,142466,61.72%,14093,34.72%
QUART,May,141392,61.41%,13493,36.31%
QUART,June,141680,58.38%,12078,41.28%
QUART,July,138597,53.62%,13307,41.60%
QUART,August,74377,39.67%,12395,38.46%
QUART,September,29840,40.04%,11191,35.43%
QUART,October,7542,44.43%,13257,37.33%
QUART,November,2646,37.26%,16924,37.64%
QUART,December,3588,36.59%,21580,40.63%
REGGIO EMILIA,January,3902,74.81%,42595,28.22%
REGGIO EMILIA,February,79333,66.58%,31890,25.95%
REGGIO EMILIA,March,199263,57.93%,31265,27.17%
REGGIO EMILIA,April,212940,62.57%,31252,26.74%
REGGIO EMILIA,May,205738,61.93%,31507,27.35%
REGGIO EMILIA,June,238437,59.52%,32616,30.38%
REGGIO EMILIA,July,209868,51.97%,35920,32.29%
REGGIO EMILIA,August,77012,38.05%,26601,28.67%
REGGIO EMILIA,September,34641,39.25%,26305,25.94%
REGGIO EMILIA,October,13659,42.76%,32810,27.18%
REGGIO EMILIA,November,6211,44.58%,37981,27.92%
REGGIO EMILIA,December,4968,41.57%,48695,29.51%
ROCCA SAN GIOV,January,1033,72.51%,30664,21.78%
ROCCA SAN GIOV,February,31068,65.61%,19288,20.80%
ROCCA SAN GIOV,March,114454,58.41%,20102,22.11%
ROCCA SAN GIOV,April,149027,61.25%,24553,22.29%
ROCCA SAN GIOV,May,135494,61.09%,23440,22.99%
ROCCA SAN GIOV,June,142422,58.94%,21287,26.75%
ROCCA SAN GIOV,July,132210,53.49%,25769,28.62%
ROCCA SAN GIOV,August,70651,39.23%,26476,23.69%
ROCCA SAN GIOV,September,22762,39.99%,19656,22.00%
ROCCA SAN GIOV,October,4818,40.91%,21209,21.98%
ROCCA SAN GIOV,November,2646,38.13%,28479,21.36%
ROCCA SAN GIOV,December,3156,39.67%,34276,21.88%
ROMA AURELIA,January,3257,74.21%,18942,38.77%
ROMA AURELIA,February,45574,67.76%,11647,39.26%
ROMA AURELIA,March,165366,58.09%,12050,41.49%
ROMA AURELIA,April,171990,62.18%,13401,37.92%
ROMA AURELIA,May,167672,61.02%,13263,40.82%
ROMA AURELIA,June,188982,59.56%,13329,44.56%
ROMA AURELIA,July,162928,53.91%,13152,44.34%
ROMA AURELIA,August,57937,39.86%,8558,43.48%
ROMA AURELIA,September,19877,37.58%,9355,39.22%
ROMA AURELIA,October,2436,39.66%,13558,39.27%
ROMA AURELIA,November,2875,39.30%,16923,41.33%
ROMA AURELIA,December,3897,40.31%,19764,44.97%
ROMA EST UOMO,January,351,66.95%,30617,6.56%
ROMA EST UOMO,February,14234,65.30%,14914,7.91%
ROMA EST UOMO,March,42003,58.23%,17577,7.96%
ROMA EST UOMO,April,77300,61.75%,33085,7.47%
ROMA EST UOMO,May,62481,63.11%,29318,7.81%
ROMA EST UOMO,June,82908,60.34%,30210,9.99%
ROMA EST UOMO,July,84535,56.56%,43988,9.00%
ROMA EST UOMO,August,34861,39.10%,30227,8.47%
ROMA EST UOMO,September,5882,35.38%,23583,7.48%
ROMA EST UOMO,October,158,30.38%,31383,7.73%
ROMA EST UOMO,November,290,24.83%,48793,8.57%
ROMA EST UOMO,December,491,42.16%,65204,9.29%
ROMA EUR,January,4451,74.84%,29054,36.86%
ROMA EUR,February,57273,67.12%,18888,34.85%
ROMA EUR,March,213820,59.17%,19361,37.48%
ROMA EUR,April,242322,63.12%,20038,37.30%
ROMA EUR,May,214457,61.18%,20644,37.32%
ROMA EUR,June,248290,60.47%,20856,42.81%
ROMA EUR,July,217406,54.87%,17925,50.12%
ROMA EUR,August,75799,40.55%,12161,44.74%
ROMA EUR,September,28605,39.27%,14910,35.36%
ROMA EUR,October,3115,40.32%,21012,35.88%
ROMA EUR,November,2991,39.65%,25613,39.70%
ROMA EUR,December,4998,39.82%,29703,42.11%
ROMA PRATI,January,4321,70.79%,25528,33.28%
ROMA PRATI,February,43716,66.35%,18306,29.28%
ROMA PRATI,March,136955,58.35%,17663,31.36%
ROMA PRATI,April,165038,62.49%,20419,30.20%
ROMA PRATI,May,149546,62.12%,19057,33.23%
ROMA PRATI,June,172475,60.27%,19392,37.32%
ROMA PRATI,July,152305,54.59%,20363,38.74%
ROMA PRATI,August,58230,41.13%,13639,33.70%
ROMA PRATI,September,22012,39.20%,15299,29.30%
ROMA PRATI,October,2878,38.74%,20262,30.30%
ROMA PRATI,November,2656,40.44%,23790,33.09%
ROMA PRATI,December,3945,41.83%,26993,36.48%
ROMA TOR VERGA,January,9672,71.14%,75738,28.29%
ROMA TOR VERGA,February,111271,66.07%,48436,26.91%
ROMA TOR VERGA,March,376731,57.99%,47805,29.21%
ROMA TOR VERGA,April,456123,62.14%,53043,29.20%
ROMA TOR VERGA,May,421333,61.09%,49960,31.33%
ROMA TOR VERGA,June,490398,60.04%,49855,36.26%
ROMA TOR VERGA,July,435384,55.15%,52725,36.44%
ROMA TOR VERGA,August,177432,40.75%,39795,33.80%
ROMA TOR VERGA,September,60652,37.55%,38243,29.09%
ROMA TOR VERGA,October,12431,43.24%,49772,30.55%
ROMA TOR VERGA,November,8108,42.21%,70249,31.19%
ROMA TOR VERGA,December,8180,39.01%,74698,34.90%
ROVIGO,January,2768,69.44%,38691,11.29%
ROVIGO,February,44173,67.76%,20553,12.37%
ROVIGO,March,114213,59.33%,21612,15.64%
ROVIGO,April,121222,61.99%,24504,14.48%
ROVIGO,May,110678,64.60%,21084,16.34%
ROVIGO,June,116326,61.85%,20035,19.78%
ROVIGO,July,111782,58.54%,26066,17.13%
ROVIGO,August,44253,43.79%,22413,13.67%
ROVIGO,September,5464,40.54%,18803,12.99%
ROVIGO,October,1525,46.56%,24759,13.89%
ROVIGO,November,1127,44.81%,38734,13.56%
ROVIGO,December,772,42.23%,56034,15.08%
S. BENEDETTO D,January,3021,71.63%,25339,32.04%
S. BENEDETTO D,February,35972,67.01%,17074,29.57%
S. BENEDETTO D,March,132495,59.54%,17781,30.25%
S. BENEDETTO D,April,172956,61.80%,20466,29.67%
S. BENEDETTO D,May,144574,61.48%,16947,32.74%
S. BENEDETTO D,June,153259,60.01%,15186,39.76%
S. BENEDETTO D,July,143744,54.04%,17421,39.01%
S. BENEDETTO D,August,76610,40.50%,17457,35.49%
S. BENEDETTO D,September,29543,40.70%,15925,31.30%
S. BENEDETTO D,October,8821,41.91%,17937,30.74%
S. BENEDETTO D,November,3276,40.81%,23126,29.22%
S. BENEDETTO D,December,3838,39.89%,27906,32.60%
S. GIULIANO M.,January,1828,75.22%,23721,20.16%
S. GIULIANO M.,February,22486,67.40%,17368,18.25%
S. GIULIANO M.,March,71047,59.80%,16510,19.92%
S. GIULIANO M.,April,86988,62.52%,17899,19.48%
S. GIULIANO M.,May,84789,62.16%,16822,21.89%
S. GIULIANO M.,June,93678,60.35%,16170,26.82%
S. GIULIANO M.,July,74381,55.72%,18197,24.41%
S. GIULIANO M.,August,29601,42.11%,14653,20.41%
S. GIULIANO M.,September,7247,38.17%,11868,19.73%
S. GIULIANO M.,October,689,37.30%,15825,20.95%
S. GIULIANO M.,November,962,41.16%,19623,21.47%
S. GIULIANO M.,December,1349,40.92%,26070,22.41%
S.BIAGIO DI CA,January,3626,72.39%,26068,25.43%
S.BIAGIO DI CA,February,51047,66.56%,17530,25.89%
S.BIAGIO DI CA,March,143103,58.89%,18512,27.00%
S.BIAGIO DI CA,April,145738,63.58%,18704,26.88%
S.BIAGIO DI CA,May,119863,62.46%,15677,28.36%
S.BIAGIO DI CA,June,147378,60.34%,15574,34.14%
S.BIAGIO DI CA,July,125956,54.49%,17739,32.12%
S.BIAGIO DI CA,August,63642,40.75%,16021,28.52%
S.BIAGIO DI CA,September,7693,37.64%,15369,25.07%
S.BIAGIO DI CA,October,1419,39.53%,19130,26.70%
S.BIAGIO DI CA,November,1893,39.57%,23860,27.63%
S.BIAGIO DI CA,December,2334,39.55%,27211,30.12%
S.MARIA DI SAL,January,3505,72.70%,22370,34.85%
S.MARIA DI SAL,February,54860,66.45%,15407,35.74%
S.MARIA DI SAL,March,189338,58.41%,18355,33.16%
S.MARIA DI SAL,April,195679,63.77%,18220,32.38%
S.MARIA DI SAL,May,155450,62.23%,14998,35.59%
S.MARIA DI SAL,June,172191,59.81%,14407,40.16%
S.MARIA DI SAL,July,130240,54.75%,15334,36.94%
S.MARIA DI SAL,August,65834,40.76%,13084,35.65%
S.MARIA DI SAL,September,22933,41.07%,13975,31.86%
S.MARIA DI SAL,October,5228,46.75%,18542,31.54%
S.MARIA DI SAL,November,3556,44.63%,22635,32.72%
S.MARIA DI SAL,December,3740,41.95%,22294,37.12%
S.MARTINO B.A.-VERONA EST,January,1279,72.71%,9032,35.30%
S.MARTINO B.A.-VERONA EST,February,18697,67.80%,6020,36.05%
S.MARTINO B.A.-VERONA EST,March,64726,59.33%,7100,35.83%
S.MARTINO B.A.-VERONA EST,April,61199,64.03%,7074,34.49%
S.MARTINO B.A.-VERONA EST,May,55694,62.15%,5806,38.20%
S.MARTINO B.A.-VERONA EST,June,67959,60.27%,5085,45.23%
S.MARTINO B.A.-VERONA EST,July,54261,55.53%,5493,41.14%
S.MARTINO B.A.-VERONA EST,August,28177,42.98%,4524,40.98%
S.MARTINO B.A.-VERONA EST,September,15085,43.69%,5614,35.61%
S.MARTINO B.A.-VERONA EST,October,5315,44.70%,7516,35.13%
S.MARTINO B.A.-VERONA EST,November,2062,40.20%,9094,34.53%
S.MARTINO B.A.-VERONA EST,December,1699,42.91%,10642,36.43%
S.MARTINO SICC,January,2554,73.81%,31161,31.82%
S.MARTINO SICC,February,58314,66.57%,22557,30.58%
S.MARTINO SICC,March,175574,58.79%,22881,31.27%
S.MARTINO SICC,April,215279,62.19%,23565,30.67%
S.MARTINO SICC,May,202371,61.07%,22154,33.92%
S.MARTINO SICC,June,219272,59.53%,20800,38.60%
S.MARTINO SICC,July,183498,53.25%,23174,36.86%
S.MARTINO SICC,August,81249,38.16%,18765,33.02%
S.MARTINO SICC,September,24622,34.96%,17992,29.81%
S.MARTINO SICC,October,5210,37.85%,23188,30.30%
S.MARTINO SICC,November,3285,36.83%,30612,30.92%
S.MARTINO SICC,December,3464,37.79%,35677,33.72%
SALERNO,January,1666,74.97%,42374,24.14%
SALERNO,February,46514,66.10%,30206,21.28%
SALERNO,March,162811,58.32%,27024,23.33%
SALERNO,April,178401,62.07%,29605,22.05%
SALERNO,May,167287,61.07%,27681,23.96%
SALERNO,June,196753,58.91%,26857,28.48%
SALERNO,July,190844,54.88%,30352,28.48%
SALERNO,August,93138,39.81%,30238,23.16%
SALERNO,September,25229,37.75%,23856,20.69%
SALERNO,October,3038,37.10%,28369,22.42%
SALERNO,November,2740,38.47%,39781,23.28%
SALERNO,December,2839,38.99%,39080,25.45%
SALUZZO,January,2019,73.85%,7959,35.10%
SALUZZO,February,19303,66.60%,5885,35.00%
SALUZZO,March,56810,59.05%,6237,37.13%
SALUZZO,April,60697,65.34%,6411,33.46%
SALUZZO,May,63154,63.13%,6513,38.06%
SALUZZO,June,53962,61.88%,5828,39.72%
SALUZZO,July,51383,56.82%,6358,40.00%
SALUZZO,August,24105,46.60%,5200,37.96%
SALUZZO,September,3786,44.74%,4761,33.69%
SALUZZO,October,1254,40.03%,6472,35.00%
SALUZZO,November,863,40.09%,7678,36.96%
SALUZZO,December,1323,41.50%,8842,41.70%
SANREMO,January,2037,72.75%,15335,37.45%
SANREMO,February,39454,67.02%,9446,36.78%
SANREMO,March,113512,58.14%,9880,39.02%
SANREMO,April,144030,62.61%,11160,38.74%
SANREMO,May,133516,61.17%,10820,40.33%
SANREMO,June,140876,59.08%,9758,47.75%
SANREMO,July,110872,53.91%,10281,48.11%
SANREMO,August,51442,40.17%,8813,44.35%
SANREMO,September,20416,40.28%,8770,35.91%
SANREMO,October,3619,40.51%,10502,36.61%
SANREMO,November,2593,43.81%,13387,38.26%
SANREMO,December,2131,43.97%,14949,40.64%
SARONNO,January,6449,72.48%,52844,31.35%
SARONNO,February,106401,66.72%,37060,29.58%
SARONNO,March,337349,58.75%,38736,30.49%
SARONNO,April,416354,61.42%,43590,30.08%
SARONNO,May,338821,61.17%,40066,31.26%
SARONNO,June,383075,60.29%,37292,36.56%
SARONNO,July,376585,54.87%,41769,37.52%
SARONNO,August,135648,40.44%,29258,33.00%
SARONNO,September,47435,38.93%,31404,30.00%
SARONNO,October,7441,43.09%,42716,30.15%
SARONNO,November,3865,40.52%,46151,32.35%
SARONNO,December,4796,40.45%,55364,35.96%
SARZANA,January,2475,73.41%,15280,36.09%
SARZANA,February,29923,66.29%,10377,34.64%
SARZANA,March,110334,57.77%,10389,37.56%
SARZANA,April,129772,61.93%,11895,35.32%
SARZANA,May,126682,60.60%,12025,35.95%
SARZANA,June,128777,58.30%,10291,41.52%
SARZANA,July,119435,53.40%,11290,40.86%
SARZANA,August,58826,40.00%,10058,37.74%
SARZANA,September,20405,40.55%,9002,33.50%
SARZANA,October,2826,39.60%,11443,36.21%
SARZANA,November,1470,40.82%,13903,36.48%
SARZANA,December,2425,40.99%,18265,41.19%
SAVIGNANO,January,5549,73.60%,54056,25.56%
SAVIGNANO,February,62942,66.62%,32977,23.89%
SAVIGNANO,March,225483,58.86%,34212,24.97%
SAVIGNANO,April,246257,62.06%,37325,24.30%
SAVIGNANO,May,228123,61.66%,32365,25.62%
SAVIGNANO,June,234769,59.92%,28204,30.01%
SAVIGNANO,July,256626,53.80%,40679,28.53%
SAVIGNANO,August,128069,39.54%,42018,24.14%
SAVIGNANO,September,47705,41.29%,35236,22.34%
SAVIGNANO,October,14214,41.66%,35530,24.22%
SAVIGNANO,November,9303,44.80%,44358,25.27%
SAVIGNANO,December,10560,42.38%,51888,26.52%
SAVONA VADO Le Terra,January,4025,75.01%,47718,20.99%
SAVONA VADO Le Terra,February,72223,68.06%,28321,19.49%
SAVONA VADO Le Terra,March,210606,61.64%,30197,21.61%
SAVONA VADO Le Terra,April,245546,63.68%,35448,20.94%
SAVONA VADO Le Terra,May,213073,64.48%,34356,20.95%
SAVONA VADO Le Terra,June,215821,62.67%,30711,25.24%
SAVONA VADO Le Terra,July,235873,56.62%,38935,24.46%
SAVONA VADO Le Terra,August,91343,43.11%,37114,19.03%
SAVONA VADO Le Terra,September,13462,40.30%,30412,19.01%
SAVONA VADO Le Terra,October,1523,39.99%,34089,20.66%
SAVONA VADO Le Terra,November,1851,39.82%,41728,22.08%
SAVONA VADO Le Terra,December,2614,39.21%,47830,26.13%
SERRAVALLE SCR,January,2855,74.15%,47562,26.33%
SERRAVALLE SCR,February,58593,66.57%,30029,25.94%
SERRAVALLE SCR,March,181055,58.60%,28976,27.53%
SERRAVALLE SCR,April,255140,61.83%,35393,26.50%
SERRAVALLE SCR,May,209001,62.31%,32148,25.96%
SERRAVALLE SCR,June,230297,61.21%,33511,29.19%
SERRAVALLE SCR,July,260300,55.07%,40508,31.42%
SERRAVALLE SCR,August,127547,41.80%,33024,30.07%
SERRAVALLE SCR,September,33638,41.36%,24653,25.39%
SERRAVALLE SCR,October,7862,40.70%,33885,24.09%
SERRAVALLE SCR,November,3277,42.29%,45965,24.73%
SERRAVALLE SCR,December,3921,41.62%,62117,26.87%
SESTO S. GIOVA,January,1798,73.53%,82334,12.52%
SESTO S. GIOVA,February,51667,66.55%,46230,12.56%
SESTO S. GIOVA,March,171525,59.74%,47268,13.80%
SESTO S. GIOVA,April,203952,62.72%,57317,12.88%
SESTO S. GIOVA,May,184366,62.28%,54172,13.32%
SESTO S. GIOVA,June,211333,60.82%,51865,16.52%
SESTO S. GIOVA,July,233737,55.31%,74095,15.88%
SESTO S. GIOVA,August,77738,42.16%,49178,13.00%
SESTO S. GIOVA,September,23885,40.21%,39365,13.00%
SESTO S. GIOVA,October,3746,42.12%,50563,14.19%
SESTO S. GIOVA,November,3028,40.52%,67153,14.65%
SESTO S. GIOVA,December,5298,43.24%,94089,14.75%
STEZZANO,January,2190,70.14%,36096,9.87%
STEZZANO,February,31987,68.54%,19624,10.85%
STEZZANO,March,91330,59.12%,17848,14.22%
STEZZANO,April,106217,62.42%,23137,12.29%
STEZZANO,May,91958,64.38%,20525,13.76%
STEZZANO,June,88308,61.73%,17660,17.43%
STEZZANO,July,86749,55.86%,25990,14.01%
STEZZANO,August,29930,42.47%,21380,11.17%
STEZZANO,September,3288,37.17%,14106,12.47%
STEZZANO,October,442,40.50%,20188,12.43%
STEZZANO,November,400,40.25%,32997,12.25%
STEZZANO,December,316,40.19%,42228,14.07%
SUBBIANO,January,2207,73.54%,31521,26.07%
SUBBIANO,February,44697,65.83%,23148,23.52%
SUBBIANO,March,141678,58.40%,24082,24.13%
SUBBIANO,April,161243,62.21%,25719,24.66%
SUBBIANO,May,157287,60.66%,24330,26.97%
SUBBIANO,June,159734,59.19%,21166,31.66%
SUBBIANO,July,145603,53.95%,24335,31.29%
SUBBIANO,August,67678,38.41%,23619,27.41%
SUBBIANO,September,25801,39.60%,20671,23.90%
SUBBIANO,October,10898,42.49%,22768,25.18%
SUBBIANO,November,6552,44.08%,27523,25.43%
SUBBIANO,December,6754,43.16%,34210,28.66%
TORINO 8 GALLERY,January,1426,70.76%,31092,9.72%
TORINO 8 GALLERY,February,21418,68.01%,16174,10.95%
TORINO 8 GALLERY,March,69853,60.98%,15412,12.38%
TORINO 8 GALLERY,April,63680,60.98%,16999,11.31%
TORINO 8 GALLERY,May,58017,63.20%,16619,13.23%
TORINO 8 GALLERY,June,62816,60.19%,16986,15.18%
TORINO 8 GALLERY,July,68123,55.86%,26406,11.99%
TORINO 8 GALLERY,August,21467,43.00%,15730,10.14%
TORINO 8 GALLERY,September,3186,33.21%,11689,11.61%
TORINO 8 GALLERY,October,330,39.70%,20046,10.50%
TORINO 8 GALLERY,November,378,39.95%,30828,11.87%
TORINO 8 GALLERY,December,357,40.06%,37655,13.36%
TORINO STADIO UOMO,January,1812,74.06%,46549,10.14%
TORINO STADIO UOMO,February,34764,67.12%,24549,11.20%
TORINO STADIO UOMO,March,111920,59.51%,25158,14.03%
TORINO STADIO UOMO,April,112836,60.90%,30573,12.32%
TORINO STADIO UOMO,May,109108,64.10%,28815,13.08%
TORINO STADIO UOMO,June,102245,61.86%,26877,15.36%
TORINO STADIO UOMO,July,115020,56.30%,39323,13.57%
TORINO STADIO UOMO,August,45207,42.88%,25806,11.63%
TORINO STADIO UOMO,September,15094,42.39%,20721,12.24%
TORINO STADIO UOMO,October,3616,44.03%,27123,12.66%
TORINO STADIO UOMO,November,1439,40.38%,39336,13.20%
TORINO STADIO UOMO,December,1252,45.61%,59826,14.92%
TORRI DI QUART,January,1947,71.29%,70766,10.70%
TORRI DI QUART,February,48811,67.35%,40885,9.79%
TORRI DI QUART,March,145670,60.51%,40620,11.14%
TORRI DI QUART,April,151106,64.10%,45618,11.34%
TORRI DI QUART,May,122678,63.07%,36821,12.86%
TORRI DI QUART,June,143616,61.71%,39531,14.30%
TORRI DI QUART,July,148246,55.68%,56560,13.39%
TORRI DI QUART,August,58226,43.46%,46716,10.94%
TORRI DI QUART,September,10838,42.00%,32992,10.98%
TORRI DI QUART,October,1580,42.03%,42278,12.04%
TORRI DI QUART,November,1233,39.98%,61345,11.62%
TORRI DI QUART,December,1562,40.08%,70509,12.38%
TRENTO,January,1676,72.37%,54314,18.21%
TRENTO,February,50961,67.39%,36282,17.03%
TRENTO,March,167615,59.32%,39036,16.80%
TRENTO,April,191323,61.29%,40707,17.02%
TRENTO,May,159576,61.58%,34685,18.83%
TRENTO,June,170145,59.11%,30805,23.53%
TRENTO,July,181573,53.47%,37011,24.72%
TRENTO,August,87051,39.75%,32025,21.56%
TRENTO,September,20655,39.93%,30439,17.84%
TRENTO,October,3198,41.59%,37498,17.88%
TRENTO,November,3254,42.47%,49473,17.45%
TRENTO,December,3022,42.03%,55955,18.87%
UDINE FIERA,January,423,69.50%,29025,9.10%
UDINE FIERA,February,14133,67.90%,12971,10.67%
UDINE FIERA,March,48179,61.06%,12653,11.91%
UDINE FIERA,April,73421,63.90%,17780,11.95%
UDINE FIERA,May,63295,64.94%,15986,12.25%
UDINE FIERA,June,57947,60.21%,14100,14.55%
UDINE FIERA,July,66209,56.93%,22443,12.79%
UDINE FIERA,August,29579,46.22%,20233,10.79%
UDINE FIERA,September,5023,44.52%,12977,11.21%
UDINE FIERA,October,234,43.16%,16726,11.32%
UDINE FIERA,November,252,41.27%,25067,11.58%
UDINE FIERA,December,270,40.00%,31795,12.77%
UDINE TERMINAL NORD,January,4257,72.99%,63116,13.23%
UDINE TERMINAL NORD,February,65120,67.66%,42124,11.91%
UDINE TERMINAL NORD,March,167696,60.58%,43111,13.76%
UDINE TERMINAL NORD,April,202294,63.41%,47020,14.69%
UDINE TERMINAL NORD,May,162170,63.79%,45361,14.21%
UDINE TERMINAL NORD,June,182830,61.35%,47308,16.01%
UDINE TERMINAL NORD,July,184894,56.92%,56552,15.42%
UDINE TERMINAL NORD,August,78470,45.52%,43274,14.14%
UDINE TERMINAL NORD,September,12674,39.70%,39076,13.15%
UDINE TERMINAL NORD,October,1992,39.81%,50289,14.00%
UDINE TERMINAL NORD,November,1787,40.18%,60449,14.34%
UDINE TERMINAL NORD,December,2289,39.80%,79554,14.31%
VARESE BELFORTE,January,6375,73.62%,80013,13.68%
VARESE BELFORTE,February,96757,68.49%,53790,13.88%
VARESE BELFORTE,March,223769,61.38%,55659,14.66%
VARESE BELFORTE,April,213753,62.71%,63160,13.95%
VARESE BELFORTE,May,207708,64.58%,61257,14.87%
VARESE BELFORTE,June,235157,61.24%,60809,18.03%
VARESE BELFORTE,July,229701,55.18%,77137,16.68%
VARESE BELFORTE,August,82468,43.77%,61253,13.63%
VARESE BELFORTE,September,9799,42.96%,45508,15.03%
VARESE BELFORTE,October,3483,43.58%,61929,14.91%
VARESE BELFORTE,November,2758,40.39%,80899,16.20%
VARESE BELFORTE,December,4583,42.02%,105596,17.78%
VIAREGGIO,January,1450,70.62%,24905,19.88%
VIAREGGIO,February,22519,66.69%,17773,18.03%
VIAREGGIO,March,84905,58.92%,16588,22.96%
VIAREGGIO,April,113124,62.61%,18233,22.66%
VIAREGGIO,May,93881,62.10%,15410,24.80%
VIAREGGIO,June,104252,60.95%,14963,28.33%
VIAREGGIO,July,106325,55.97%,20872,24.77%
VIAREGGIO,August,56652,43.22%,24820,17.13%
VIAREGGIO,September,10159,43.53%,15047,20.12%
VIAREGGIO,October,1001,40.16%,18083,21.98%
VIAREGGIO,November,907,40.02%,22171,23.60%
VIAREGGIO,December,1638,40.05%,28975,26.84%
VIGNATE,January,2368,72.97%,30212,10.88%
VIGNATE,February,27735,67.77%,14773,13.00%
VIGNATE,March,73251,60.52%,14012,15.59%
VIGNATE,April,80811,62.15%,16169,14.24%
VIGNATE,May,74605,64.35%,14930,15.44%
VIGNATE,June,77310,61.54%,15763,16.72%
VIGNATE,July,75904,57.13%,22655,13.75%
VIGNATE,August,30025,41.84%,12101,14.99%
VIGNATE,September,5360,40.54%,7787,18.42%
VIGNATE,October,174,39.08%,11863,17.72%
VIGNATE,November,354,39.55%,18205,19.46%
VIGNATE,December,212,39.62%,23979,23.12%
VITERBO,January,2696,75.37%,26894,30.20%
VITERBO,February,52548,67.25%,17506,30.36%
VITERBO,March,169246,59.30%,18220,30.38%
VITERBO,April,207510,63.45%,20553,31.36%
VITERBO,May,178155,62.25%,19620,32.73%
VITERBO,June,214676,59.86%,19875,37.41%
VITERBO,July,191943,54.35%,20767,38.18%
VITERBO,August,89976,42.21%,17212,37.11%
VITERBO,September,21674,40.22%,15922,28.89%
VITERBO,October,2176,41.77%,22048,27.15%
VITERBO,November,2029,40.07%,26355,30.81%
VITERBO,December,3011,40.48%,34455,31.48%
